<?xml version="1.0" encoding="UTF-8"?>
<objects serializationModel="Studio.02.00.00">
	<object class="AudioFile" id="{3f040e4e-3279-4e5a-92d1-7d437de3ce4e}">
		<property name="assetPath">
			<value>clang02.wav</value>
		</property>
		<property name="frequencyInKHz">
			<value>44.0999985</value>
		</property>
		<property name="channelCount">
			<value>1</value>
		</property>
		<property name="length">
			<value>0.93600907029478453</value>
		</property>
		<relationship name="masterAssetFolder">
			<destination>{16b03c0a-c568-4038-9b19-a392bbfb1f26}</destination>
		</relationship>
	</object>
</objects>
