<?xml version="1.0" encoding="UTF-8"?>
<objects serializationModel="Studio.02.00.00">
	<object class="AudioFile" id="{89e7966e-a395-4381-b3e8-615990afe6ba}">
		<property name="assetPath">
			<value>choir.wav</value>
		</property>
		<property name="frequencyInKHz">
			<value>44.0999985</value>
		</property>
		<property name="channelCount">
			<value>2</value>
		</property>
		<property name="length">
			<value>3</value>
		</property>
		<relationship name="masterAssetFolder">
			<destination>{16b03c0a-c568-4038-9b19-a392bbfb1f26}</destination>
		</relationship>
	</object>
</objects>
