<?xml version="1.0" encoding="UTF-8"?>
<objects serializationModel="Studio.02.00.00">
	<object class="AudioFile" id="{ddb87989-a55a-4fe7-bfd4-fdd8f1b2ee45}">
		<property name="assetPath">
			<value>menu-click.wav</value>
		</property>
		<property name="frequencyInKHz">
			<value>44.0999985</value>
		</property>
		<property name="channelCount">
			<value>2</value>
		</property>
		<property name="length">
			<value>0.2747392290249433</value>
		</property>
		<relationship name="masterAssetFolder">
			<destination>{16b03c0a-c568-4038-9b19-a392bbfb1f26}</destination>
		</relationship>
	</object>
</objects>
