<?xml version="1.0" encoding="UTF-8"?>
<objects serializationModel="Studio.02.00.00">
	<object class="EncodingSetting" id="{1fc1667e-db16-4ce6-bd65-e018d237e910}">
		<property name="encodingFormat">
			<value>3</value>
		</property>
		<property name="quality">
			<value>37</value>
		</property>
		<relationship name="platform">
			<destination>{50a31d09-b495-4880-b4a4-cf518f3936c9}</destination>
		</relationship>
		<relationship name="encodable">
			<destination>{50a31d09-b495-4880-b4a4-cf518f3936c9}</destination>
		</relationship>
	</object>
</objects>
