<?xml version="1.0" encoding="UTF-8"?>
<objects serializationModel="Studio.02.00.00">
	<object class="MixerMaster" id="{58e0261b-6034-4f12-8fee-7f3ad82a4a9c}">
		<property name="name">
			<value>Master Bus</value>
		</property>
		<relationship name="effectChain">
			<destination>{19a6a7ab-8b66-4fa7-b66b-9f04fcccbfd1}</destination>
		</relationship>
		<relationship name="panner">
			<destination>{587c58bc-79c0-4584-bde7-8eaf5a1731fa}</destination>
		</relationship>
		<relationship name="mixer">
			<destination>{cc4f3f24-68b3-4fb7-b98b-c1867c390aad}</destination>
		</relationship>
	</object>
	<object class="MixerBusEffectChain" id="{19a6a7ab-8b66-4fa7-b66b-9f04fcccbfd1}">
		<relationship name="effects">
			<destination>{6c51cf2f-ebbd-480b-bfc4-0e8bedd0e270}</destination>
			<destination>{759fa08e-9f68-4c4a-a68c-d627ef64263c}</destination>
		</relationship>
	</object>
	<object class="MixerBusPanner" id="{587c58bc-79c0-4584-bde7-8eaf5a1731fa}">
		<property name="overridingOutputFormat">
			<value>2</value>
		</property>
		<property name="outputFormatOverridden">
			<value>true</value>
		</property>
	</object>
	<object class="LimiterEffect" id="{6c51cf2f-ebbd-480b-bfc4-0e8bedd0e270}" />
	<object class="MixerBusFader" id="{759fa08e-9f68-4c4a-a68c-d627ef64263c}" />
</objects>
