<?xml version="1.0" encoding="UTF-8"?>
<objects serializationModel="Studio.02.00.00">
	<object class="Event" id="{256f0c71-6796-4fc8-91d3-e0a77891d431}">
		<property name="name">
			<value>choir</value>
		</property>
		<property name="outputFormat">
			<value>1</value>
		</property>
		<relationship name="folder">
			<destination>{dcc4839b-b9ac-418a-943c-72eb8109828b}</destination>
		</relationship>
		<relationship name="mixer">
			<destination>{358c4046-c103-468f-a95e-594c9a65527b}</destination>
		</relationship>
		<relationship name="masterTrack">
			<destination>{7e8bd63a-5fe9-4de4-be1b-0adaeea1b802}</destination>
		</relationship>
		<relationship name="mixerInput">
			<destination>{17be3d98-6f80-4882-b1e9-e52a144cd534}</destination>
		</relationship>
		<relationship name="automatableProperties">
			<destination>{3d49c932-96c1-40fe-86c3-4a3e3dc28dba}</destination>
		</relationship>
		<relationship name="markerTracks">
			<destination>{2572f2f5-3768-435f-97e9-47331b889c8f}</destination>
		</relationship>
		<relationship name="groupTracks">
			<destination>{e53f567f-9cd0-4416-adea-bc6696ef31ee}</destination>
		</relationship>
		<relationship name="timeline">
			<destination>{42bc50bd-f057-4f09-b693-ea12b382e5a8}</destination>
		</relationship>
		<relationship name="banks">
			<destination>{aa2221e1-ad31-4342-ae81-bc73cf93debb}</destination>
		</relationship>
	</object>
	<object class="EventMixer" id="{358c4046-c103-468f-a95e-594c9a65527b}">
		<relationship name="masterBus">
			<destination>{fed32329-8287-4e37-9c5f-73b387ef2d2a}</destination>
		</relationship>
	</object>
	<object class="MasterTrack" id="{7e8bd63a-5fe9-4de4-be1b-0adaeea1b802}">
		<relationship name="mixerGroup">
			<destination>{fed32329-8287-4e37-9c5f-73b387ef2d2a}</destination>
		</relationship>
	</object>
	<object class="MixerInput" id="{17be3d98-6f80-4882-b1e9-e52a144cd534}">
		<relationship name="effectChain">
			<destination>{5e9e7cce-2d27-496f-8b7a-8ea583dc3cf5}</destination>
		</relationship>
		<relationship name="panner">
			<destination>{e1fa2911-2f2c-4cd1-8cdb-e4f0d25b63dd}</destination>
		</relationship>
		<relationship name="output">
			<destination>{58e0261b-6034-4f12-8fee-7f3ad82a4a9c}</destination>
		</relationship>
	</object>
	<object class="EventAutomatableProperties" id="{3d49c932-96c1-40fe-86c3-4a3e3dc28dba}" />
	<object class="MarkerTrack" id="{2572f2f5-3768-435f-97e9-47331b889c8f}" />
	<object class="GroupTrack" id="{e53f567f-9cd0-4416-adea-bc6696ef31ee}">
		<relationship name="modules">
			<destination>{e1a73f46-a6d1-4755-a4bc-76e609e621ca}</destination>
		</relationship>
		<relationship name="mixerGroup">
			<destination>{ddefc277-9737-4d9b-a6e8-06872daae94a}</destination>
		</relationship>
	</object>
	<object class="Timeline" id="{42bc50bd-f057-4f09-b693-ea12b382e5a8}">
		<relationship name="modules">
			<destination>{e1a73f46-a6d1-4755-a4bc-76e609e621ca}</destination>
		</relationship>
	</object>
	<object class="EventMixerMaster" id="{fed32329-8287-4e37-9c5f-73b387ef2d2a}">
		<relationship name="effectChain">
			<destination>{a035cb37-0684-4d89-80db-ce375bc4c378}</destination>
		</relationship>
		<relationship name="panner">
			<destination>{e418ae31-e20d-4bad-8f2e-3c6ee8910f6c}</destination>
		</relationship>
		<relationship name="mixer">
			<destination>{358c4046-c103-468f-a95e-594c9a65527b}</destination>
		</relationship>
	</object>
	<object class="MixerBusEffectChain" id="{5e9e7cce-2d27-496f-8b7a-8ea583dc3cf5}">
		<relationship name="effects">
			<destination>{58cc39e3-6752-4db5-a2bc-3c6237a68578}</destination>
		</relationship>
	</object>
	<object class="MixerBusPanner" id="{e1fa2911-2f2c-4cd1-8cdb-e4f0d25b63dd}" />
	<object class="SingleSound" id="{e1a73f46-a6d1-4755-a4bc-76e609e621ca}">
		<property name="length">
			<value>3</value>
		</property>
		<relationship name="audioFile">
			<destination>{89e7966e-a395-4381-b3e8-615990afe6ba}</destination>
		</relationship>
	</object>
	<object class="EventMixerGroup" id="{ddefc277-9737-4d9b-a6e8-06872daae94a}">
		<property name="volume">
			<value>-3.5</value>
		</property>
		<property name="name">
			<value>Audio 1</value>
		</property>
		<relationship name="effectChain">
			<destination>{601eb58a-149e-4cdd-acb7-6df2286bef04}</destination>
		</relationship>
		<relationship name="panner">
			<destination>{c1eb3652-44f4-47e4-9ae8-be6dc749405a}</destination>
		</relationship>
		<relationship name="output">
			<destination>{fed32329-8287-4e37-9c5f-73b387ef2d2a}</destination>
		</relationship>
	</object>
	<object class="MixerBusEffectChain" id="{a035cb37-0684-4d89-80db-ce375bc4c378}">
		<relationship name="effects">
			<destination>{ccdfdcaa-47f7-437d-a2fd-9d6f53f9acee}</destination>
		</relationship>
	</object>
	<object class="MixerBusPanner" id="{e418ae31-e20d-4bad-8f2e-3c6ee8910f6c}" />
	<object class="MixerBusFader" id="{58cc39e3-6752-4db5-a2bc-3c6237a68578}" />
	<object class="MixerBusEffectChain" id="{601eb58a-149e-4cdd-acb7-6df2286bef04}">
		<relationship name="effects">
			<destination>{ba06074d-c6e8-456f-a7f5-53ad1d5fb741}</destination>
		</relationship>
	</object>
	<object class="MixerBusPanner" id="{c1eb3652-44f4-47e4-9ae8-be6dc749405a}" />
	<object class="MixerBusFader" id="{ccdfdcaa-47f7-437d-a2fd-9d6f53f9acee}" />
	<object class="MixerBusFader" id="{ba06074d-c6e8-456f-a7f5-53ad1d5fb741}" />
</objects>
