<?xml version="1.0" encoding="UTF-8"?>
<objects serializationModel="Studio.02.00.00">
	<object class="Event" id="{f32b8223-a1a7-4077-b9c7-8e13eae5cd21}">
		<property name="name">
			<value>ambience</value>
		</property>
		<property name="outputFormat">
			<value>5</value>
		</property>
		<relationship name="folder">
			<destination>{dcc4839b-b9ac-418a-943c-72eb8109828b}</destination>
		</relationship>
		<relationship name="mixer">
			<destination>{5520fa83-40a9-4d81-9b29-c9d939e36661}</destination>
		</relationship>
		<relationship name="masterTrack">
			<destination>{a124c880-fbe1-4613-b1a9-35cd29efe779}</destination>
		</relationship>
		<relationship name="mixerInput">
			<destination>{511a6b56-abc7-4950-b96c-4fbabb3b75cf}</destination>
		</relationship>
		<relationship name="automatableProperties">
			<destination>{82cce965-4851-45a6-a9f4-26f314d8527e}</destination>
		</relationship>
		<relationship name="markerTracks">
			<destination>{a1ab7696-6701-473c-99dc-4dbc349b3b2b}</destination>
		</relationship>
		<relationship name="groupTracks">
			<destination>{64520f1a-7dbc-4346-ab78-da6b0a8a3ae1}</destination>
			<destination>{91806bf2-95e7-47fc-9ad4-ad77d091ec2f}</destination>
		</relationship>
		<relationship name="timeline">
			<destination>{338de88b-0c2a-46f8-ac4c-0aaf270edd64}</destination>
		</relationship>
		<relationship name="banks">
			<destination>{aa2221e1-ad31-4342-ae81-bc73cf93debb}</destination>
		</relationship>
	</object>
	<object class="EventMixer" id="{5520fa83-40a9-4d81-9b29-c9d939e36661}">
		<relationship name="masterBus">
			<destination>{8b10d1c4-5ee5-4995-8438-cc0700f53450}</destination>
		</relationship>
	</object>
	<object class="MasterTrack" id="{a124c880-fbe1-4613-b1a9-35cd29efe779}">
		<relationship name="mixerGroup">
			<destination>{8b10d1c4-5ee5-4995-8438-cc0700f53450}</destination>
		</relationship>
	</object>
	<object class="MixerInput" id="{511a6b56-abc7-4950-b96c-4fbabb3b75cf}">
		<relationship name="effectChain">
			<destination>{25a34c5f-e449-45aa-9ce1-d3ba09894ee6}</destination>
		</relationship>
		<relationship name="panner">
			<destination>{6408d833-781a-41e6-87f7-deddf3755258}</destination>
		</relationship>
		<relationship name="output">
			<destination>{58e0261b-6034-4f12-8fee-7f3ad82a4a9c}</destination>
		</relationship>
	</object>
	<object class="EventAutomatableProperties" id="{82cce965-4851-45a6-a9f4-26f314d8527e}" />
	<object class="MarkerTrack" id="{a1ab7696-6701-473c-99dc-4dbc349b3b2b}" />
	<object class="GroupTrack" id="{64520f1a-7dbc-4346-ab78-da6b0a8a3ae1}">
		<relationship name="modules">
			<destination>{72242b54-25c8-48b7-9d7e-c0baaac06d69}</destination>
		</relationship>
		<relationship name="mixerGroup">
			<destination>{72cbcaf3-77fd-4801-9581-011d8c3c1296}</destination>
		</relationship>
	</object>
	<object class="GroupTrack" id="{91806bf2-95e7-47fc-9ad4-ad77d091ec2f}">
		<relationship name="modules">
			<destination>{5381d24f-de90-48e5-8a69-aac74c088a39}</destination>
		</relationship>
		<relationship name="mixerGroup">
			<destination>{e3850e58-1651-4992-a44b-4563ec876ba4}</destination>
		</relationship>
	</object>
	<object class="Timeline" id="{338de88b-0c2a-46f8-ac4c-0aaf270edd64}">
		<relationship name="modules">
			<destination>{72242b54-25c8-48b7-9d7e-c0baaac06d69}</destination>
			<destination>{5381d24f-de90-48e5-8a69-aac74c088a39}</destination>
		</relationship>
		<relationship name="markers">
			<destination>{93b8bdba-10e5-4ee6-9184-976dc83ed827}</destination>
		</relationship>
	</object>
	<object class="EventMixerMaster" id="{8b10d1c4-5ee5-4995-8438-cc0700f53450}">
		<relationship name="effectChain">
			<destination>{bce7c4a3-5b79-4994-8905-ba170b89cd4c}</destination>
		</relationship>
		<relationship name="panner">
			<destination>{6d756561-23a2-490b-aa08-1facd669affb}</destination>
		</relationship>
		<relationship name="mixer">
			<destination>{5520fa83-40a9-4d81-9b29-c9d939e36661}</destination>
		</relationship>
	</object>
	<object class="MixerBusEffectChain" id="{25a34c5f-e449-45aa-9ce1-d3ba09894ee6}">
		<relationship name="effects">
			<destination>{bf51445c-3812-4f12-a668-164d6e2ddbd2}</destination>
		</relationship>
	</object>
	<object class="MixerBusPanner" id="{6408d833-781a-41e6-87f7-deddf3755258}" />
	<object class="SingleSound" id="{72242b54-25c8-48b7-9d7e-c0baaac06d69}">
		<property name="length">
			<value>24.496734693877553</value>
		</property>
		<relationship name="audioFile">
			<destination>{9089f86d-2f42-4219-ba3d-77e469270538}</destination>
		</relationship>
	</object>
	<object class="EventMixerGroup" id="{72cbcaf3-77fd-4801-9581-011d8c3c1296}">
		<property name="name">
			<value>fire</value>
		</property>
		<relationship name="effectChain">
			<destination>{77504c09-f6ff-482c-8f0d-470a7a1661db}</destination>
		</relationship>
		<relationship name="panner">
			<destination>{454d271a-159c-4e1c-afbd-725571b1cd41}</destination>
		</relationship>
		<relationship name="output">
			<destination>{8b10d1c4-5ee5-4995-8438-cc0700f53450}</destination>
		</relationship>
	</object>
	<object class="SoundScatterer" id="{5381d24f-de90-48e5-8a69-aac74c088a39}">
		<property name="start">
			<value>0.5</value>
		</property>
		<property name="length">
			<value>23.5</value>
		</property>
		<property name="polyphony">
			<value>4</value>
		</property>
		<property name="minimumTimeBetweenSounds">
			<value>700</value>
		</property>
		<property name="maximumTimeBetweenSounds">
			<value>6500</value>
		</property>
		<property name="minimumScatterDistance">
			<value>1.39999998</value>
		</property>
		<property name="maximumScatterDistance">
			<value>5</value>
		</property>
		<property name="volumeRandomization">
			<value>-4</value>
		</property>
		<property name="pitchRandomization">
			<value>0.99999994</value>
		</property>
		<relationship name="sound">
			<destination>{dadaa9e2-669c-4247-8f4e-212ed25c24ca}</destination>
		</relationship>
	</object>
	<object class="EventMixerGroup" id="{e3850e58-1651-4992-a44b-4563ec876ba4}">
		<property name="volume">
			<value>6</value>
		</property>
		<property name="name">
			<value>clangs</value>
		</property>
		<relationship name="effectChain">
			<destination>{223ccb3c-625c-4f5f-80e0-6e9fa726a5e8}</destination>
		</relationship>
		<relationship name="panner">
			<destination>{d0b11d6f-8bb0-460d-a852-48291d6b3aff}</destination>
		</relationship>
		<relationship name="output">
			<destination>{8b10d1c4-5ee5-4995-8438-cc0700f53450}</destination>
		</relationship>
	</object>
	<object class="LoopRegion" id="{93b8bdba-10e5-4ee6-9184-976dc83ed827}">
		<property name="position">
			<value>0</value>
		</property>
		<property name="length">
			<value>24.496734693877553</value>
		</property>
		<relationship name="timeline">
			<destination>{338de88b-0c2a-46f8-ac4c-0aaf270edd64}</destination>
		</relationship>
		<relationship name="markerTrack">
			<destination>{a1ab7696-6701-473c-99dc-4dbc349b3b2b}</destination>
		</relationship>
	</object>
	<object class="MixerBusEffectChain" id="{bce7c4a3-5b79-4994-8905-ba170b89cd4c}">
		<relationship name="effects">
			<destination>{344735d2-ef51-4c3b-8515-e25992fa5529}</destination>
		</relationship>
	</object>
	<object class="MixerBusPanner" id="{6d756561-23a2-490b-aa08-1facd669affb}" />
	<object class="MixerBusFader" id="{bf51445c-3812-4f12-a668-164d6e2ddbd2}" />
	<object class="MixerBusEffectChain" id="{77504c09-f6ff-482c-8f0d-470a7a1661db}">
		<relationship name="effects">
			<destination>{6b33b177-d33b-46af-8cfa-19480ab51fbe}</destination>
		</relationship>
	</object>
	<object class="MixerBusPanner" id="{454d271a-159c-4e1c-afbd-725571b1cd41}" />
	<object class="MultiSound" id="{dadaa9e2-669c-4247-8f4e-212ed25c24ca}">
		<relationship name="sounds">
			<destination>{36f581f0-525c-4ea0-ab02-4af716cf028c}</destination>
			<destination>{1bce4949-9170-4a0c-ac97-233e191d837f}</destination>
			<destination>{562b9e5a-00d9-4e95-8688-3c9575d98527}</destination>
			<destination>{48d576f5-f640-4ca2-91ae-001b679fba1c}</destination>
		</relationship>
	</object>
	<object class="MixerBusEffectChain" id="{223ccb3c-625c-4f5f-80e0-6e9fa726a5e8}">
		<relationship name="effects">
			<destination>{778322c3-bd0b-40c4-a69a-3019bb7476fa}</destination>
		</relationship>
	</object>
	<object class="MixerBusPanner" id="{d0b11d6f-8bb0-460d-a852-48291d6b3aff}" />
	<object class="MixerBusFader" id="{344735d2-ef51-4c3b-8515-e25992fa5529}" />
	<object class="MixerBusFader" id="{6b33b177-d33b-46af-8cfa-19480ab51fbe}" />
	<object class="SingleSound" id="{36f581f0-525c-4ea0-ab02-4af716cf028c}">
		<relationship name="audioFile">
			<destination>{6bfba6a6-6213-4cc9-845b-c3784cbcea52}</destination>
		</relationship>
	</object>
	<object class="SingleSound" id="{1bce4949-9170-4a0c-ac97-233e191d837f}">
		<relationship name="audioFile">
			<destination>{3f040e4e-3279-4e5a-92d1-7d437de3ce4e}</destination>
		</relationship>
	</object>
	<object class="SingleSound" id="{562b9e5a-00d9-4e95-8688-3c9575d98527}">
		<relationship name="audioFile">
			<destination>{bc246fa0-63da-405e-8d3b-b9106bdcf3fb}</destination>
		</relationship>
	</object>
	<object class="SingleSound" id="{48d576f5-f640-4ca2-91ae-001b679fba1c}">
		<relationship name="audioFile">
			<destination>{8fc5dd6a-82d4-49d2-a38c-a36d634431d9}</destination>
		</relationship>
	</object>
	<object class="MixerBusFader" id="{778322c3-bd0b-40c4-a69a-3019bb7476fa}" />
</objects>
